id,nombre,apellido,edad,correo_electronico
1,Brittney,Bownass,22,bbownass0@usa.gov
2,Quinn,Gibby,85,qgibby1@google.com.au
3,Adela,Syson,81,asyson2@is.gd
4,Orren,Awde,61,oawde3@pcworld.com
5,Abe,MacDougal,40,amacdougal4@infoseek.co.jp
6,Rachael,Eastridge,52,reastridge5@nba.com
7,Elliott,Goodnow,35,egoodnow6@aboutads.info
8,Russell,Dorot,56,rdorot7@smugmug.com
9,Zolly,Fann,56,zfann8@bbc.co.uk
10,Sissie,Deaville,52,sdeaville9@google.com
11,Pandora,Stubbington,34,pstubbingtona@nationalgeographic.com
12,Dyanna,Sproul,54,dsproulb@mtv.com
13,Britni,Patient,23,bpatientc@pinterest.com
14,Ameline,Pearcehouse,29,apearcehoused@virginia.edu
15,Silvanus,Longina,75,slonginae@umich.edu
16,Berni,Conklin,80,bconklinf@yale.edu
17,Merwyn,Glave,46,mglaveg@last.fm
18,Jeddy,State,47,jstateh@nymag.com
19,Vassily,Goodhand,21,vgoodhandi@dagondesign.com
20,Jedediah,Puzey,77,jpuzeyj@symantec.com
21,Nonna,Sedgwick,61,nsedgwickk@elegantthemes.com
22,Ninnetta,Embery,42,nemberyl@mit.edu
23,Haley,Tinker,82,htinkerm@pen.io
24,Angelita,Corkhill,77,acorkhilln@t.co
25,Calv,McFade,36,cmcfadeo@umich.edu
26,Wilek,Evett,82,wevettp@networksolutions.com
27,Moyna,Riddle,36,mriddleq@narod.ru
28,Blinni,Dreinan,29,bdreinanr@stumbleupon.com
29,Ashli,Kemsley,58,akemsleys@hud.gov
30,Leoline,Whiteson,79,lwhitesont@bluehost.com
31,Kristoforo,Mousdall,72,kmousdallu@ucoz.ru
32,Wanda,Ughetti,40,wughettiv@statcounter.com
33,Ronnie,Radband,74,rradbandw@lulu.com
34,Tessa,Labuschagne,85,tlabuschagnex@goo.gl
35,Bride,Roxby,24,broxbyy@aboutads.info
36,Bern,Cadogan,48,bcadoganz@examiner.com
37,Hanson,Shaudfurth,56,hshaudfurth10@theglobeandmail.com
38,Hoyt,Bushel,30,hbushel11@nsw.gov.au
39,Willamina,Absalom,55,wabsalom12@google.cn
40,Kathie,Mallen,42,kmallen13@simplemachines.org
41,Eve,Downing,70,edowning14@example.com
42,Selina,Siddaley,38,ssiddaley15@naver.com
43,Dannie,Locard,22,dlocard16@e-recht24.de
44,Gilbert,Reid,41,greid17@deliciousdays.com
45,Rheba,Finnick,78,rfinnick18@indiatimes.com
46,Brenden,Liffe,23,bliffe19@geocities.com
47,Lisha,Clapston,41,lclapston1a@gov.uk
48,Katrina,Pococke,56,kpococke1b@chronoengine.com
49,Cassie,Itzkovsky,40,citzkovsky1c@geocities.jp
50,Michail,Webland,34,mwebland1d@wisc.edu
51,Sonny,Alred,42,salred1e@drupal.org
52,Rene,Claricoates,27,rclaricoates1f@amazon.co.uk
53,Stafani,McCarl,53,smccarl1g@myspace.com
54,Shelli,Duckinfield,25,sduckinfield1h@hostgator.com
55,Kristofor,Golsby,35,kgolsby1i@mysql.com
56,Margarete,Gaspar,36,mgaspar1j@cbc.ca
57,Sabine,Tappington,32,stappington1k@artisteer.com
58,Zulema,Armsby,63,zarmsby1l@kickstarter.com
59,Wald,Shillito,69,wshillito1m@jiathis.com
60,Fax,O'Sesnane,60,fosesnane1n@exblog.jp
61,Gretel,Mariolle,59,gmariolle1o@vk.com
62,Paulie,Edmed,60,pedmed1p@cargocollective.com
63,Shirline,Permain,73,spermain1q@bing.com
64,Gerrie,Mongenot,81,gmongenot1r@furl.net
65,Leanora,Wansbury,29,lwansbury1s@cbsnews.com
66,Cody,Gammidge,23,cgammidge1t@engadget.com
67,Marylynne,Dosedale,40,mdosedale1u@sogou.com
68,Merry,Waszczyk,83,mwaszczyk1v@prlog.org
69,Marja,Dagon,63,mdagon1w@cdc.gov
70,Faythe,Todarello,79,ftodarello1x@gov.uk
71,Sid,Sendall,27,ssendall1y@wikispaces.com
72,Kirbee,Vsanelli,58,kvsanelli1z@csmonitor.com
73,Georgette,Perryman,27,gperryman20@patch.com
74,Pavla,Petschel,58,ppetschel21@usatoday.com
75,Hanan,Aers,25,haers22@qq.com
76,Lil,Avrahamy,50,lavrahamy23@paypal.com
77,Erroll,Sergean,51,esergean24@dedecms.com
78,Joannes,Evennett,25,jevennett25@uiuc.edu
79,Edwin,Cheyne,29,echeyne26@webs.com
80,Emmery,Airey,56,eairey27@hexun.com
81,Arlie,Skedgell,51,askedgell28@imgur.com
82,Trixie,Yeend,82,tyeend29@google.ca
83,Alika,Ouldcott,57,aouldcott2a@stumbleupon.com
84,Trixi,Carletto,53,tcarletto2b@dailymotion.com
85,Catrina,Dickons,67,cdickons2c@wikipedia.org
86,Consuela,Tandy,74,ctandy2d@free.fr
87,Howie,Gettins,84,hgettins2e@sitemeter.com
88,Porty,Gomery,75,pgomery2f@uiuc.edu
89,Rafa,Gass,63,rgass2g@paginegialle.it
90,Mathilde,Asif,33,masif2h@tinyurl.com
91,Mac,Syratt,53,msyratt2i@livejournal.com
92,Frances,Clappson,54,fclappson2j@bloglines.com
93,Pauli,Eberle,52,peberle2k@shareasale.com
94,Noach,Peirson,44,npeirson2l@who.int
95,Artus,Pavelka,50,apavelka2m@barnesandnoble.com
96,Ber,Soffe,53,bsoffe2n@prweb.com
97,Beltran,Syer,22,bsyer2o@sogou.com
98,Reider,Chaffer,53,rchaffer2p@washingtonpost.com
99,Antonella,O'Boyle,45,aoboyle2q@sciencedaily.com
100,Dur,Paulley,83,dpaulley2r@163.com
